icpsr,bioname,congress,chamber,twitter
99913,"BIDEN, Joseph Robinette, Jr.",117,President,POTUS
94659,"SHELBY, Richard C.",117,Senate,SenShelby
91980,"VAN DREW, Jefferson",117,House,CongressmanJVD
49703,"COLLINS, Susan Margaret",117,Senate,SenatorCollins
49308,"MURRAY, Patty",117,Senate,PattyMurray
49300,"FEINSTEIN, Dianne",117,Senate,SenFeinstein
42105,"WARNOCK, Raphael Gamaliel",117,Senate,ReverendWarnock
42104,"PADILLA, Alejandro (Alex)",117,Senate,AlexPadilla4CA
42103,"OSSOFF, Thomas Jonathan (Jon)",117,Senate,ossoff
42102,"TUBERVILLE, Thomas Hawley (Tommy)",117,Senate,TTuberville
42101,"HICKENLOOPER, John Wright",117,Senate,Hickenlooper
42100,"HAGERTY, William Francis (Bill)",117,Senate,BillHagertyTN
41905,"KELLY, Mark Edward",117,Senate,CaptMarkKelly
41904,"LOEFFLER, Kelly",117,Senate,KLoeffler
41903,"SCOTT, Richard Lynn (Rick)",117,Senate,SenRickScott
41902,"ROMNEY, Willard Mitt (Mitt)",117,Senate,MittRomney
41901,"HAWLEY, Joshua David",117,Senate,HawleyMO
41900,"BRAUN, Michael",117,Senate,SenatorBraun
41707,"HYDE-SMITH, Cindy",117,Senate,cindyhydesmith
41706,"SMITH, Tina",117,Senate,TinaSmithMN
41703,"KENNEDY, John Neely",117,Senate,SenJohnKennedy
41702,"HASSAN, Margaret (Maggie)",117,Senate,SenatorHassan
41701,"HARRIS, Kamala Devi",117,Senate,KamalaHarris
41700,"CORTEZ MASTO, Catherine Marie",117,Senate,SenCortezMasto
41505,"ROUNDS, Marion Michael (Mike)",117,Senate,SenatorRounds
41504,"TILLIS, Thomas Roland (Thom)",117,Senate,SenThomTillis
41503,"SASSE, Benjamin Eric",117,Senate,SenSasse
41502,"ERNST, Joni",117,Senate,SenJoniErnst
41500,"SULLIVAN, Daniel Scott",117,Senate,SenDanSullivan
41308,"BOOKER, Cory Anthony",117,Senate,CoryBooker
41305,"KAINE, Timothy Michael (Tim)",117,Senate,timkaine
41304,"CRUZ, Rafael Edward (Ted)",117,Senate,SenTedCruz
41302,"FISCHER, Debra (Deb)",117,Senate,SenatorFischer
41301,"WARREN, Elizabeth",117,Senate,SenWarren
41300,"KING, Angus Stanley, Jr.",117,Senate,SenAngusKing
41112,"SCHATZ, Brian Emanuel",117,Senate,brianschatz
41111,"JOHNSON, Ron",117,Senate,SenRonJohnson
41110,"LEE, Mike",117,Senate,SenMikeLee
41107,"HOEVEN, John",117,Senate,SenJohnHoeven
41104,"PAUL, Rand",117,Senate,RandPaul
41102,"RUBIO, Marco",117,Senate,marcorubio
41101,"BLUMENTHAL, Richard",117,Senate,SenBlumenthal
40916,"COONS, Christopher A.",117,Senate,ChrisCoons
40915,"MANCHIN, Joe, III",117,Senate,Sen_JoeManchin
40910,"BENNET, Michael F.",117,Senate,SenatorBennet
40909,"WARNER, Mark",117,Senate,MarkWarner
40908,"MERKLEY, Jeff",117,Senate,SenJeffMerkley
40906,"SHAHEEN, Jeanne",117,Senate,SenatorShaheen
40902,"RISCH, James",117,Senate,SenatorRisch
40707,"BARRASSO, John A.",117,Senate,SenJohnBarrasso
40704,"WHITEHOUSE, Sheldon",117,Senate,SenWhitehouse
40703,"CASEY, Robert (Bob), Jr.",117,Senate,SenBobCasey
40702,"TESTER, Jon",117,Senate,SenatorTester
40700,"KLOBUCHAR, Amy",117,Senate,amyklobuchar
40305,"CORNYN, John",117,Senate,JohnCornyn
40300,"MURKOWSKI, Lisa",117,Senate,lisamurkowski
39310,"CANTWELL, Maria E.",117,Senate,SenatorCantwell
39307,"SCOTT, Robert C.",117,House,
39305,"JOHNSON, Eddie Bernice",117,House,RepEBJ
39301,"CLYBURN, James Enos",117,House,WhipClyburn
31103,"PAYNE, Donald, Jr.",117,House,RepDonaldPayne
31102,"MASSIE, Thomas",117,House,RepThomasMassie
31101,"DelBENE, Suzan K.",117,House,RepDelBene
29940,"BALDWIN, Tammy",117,Senate,SenatorBaldwin
29935,"TOOMEY, Patrick Joseph",117,Senate,SenToomey
29911,"SCHAKOWSKY, Janice D.",117,House,janschakowsky
29910,"SIMPSON, Michael K.",117,House,CongMikeSimpson
29908,"LARSON, John B.",117,House,RepJohnLarson
29903,"NAPOLITANO, Grace Flores",117,House,gracenapolitano
29901,"THOMPSON, Michael",117,House,RepThompson
29778,"LEE, Barbara",117,House,RepBarbaraLee
29776,"MEEKS, Gregory W.",117,House,RepGregoryMeeks
29769,"KIND, Ron",117,House,RepRonKind
29768,"SMITH, Adam",117,House,RepAdamSmith
29762,"GRANGER, Kay",117,House,RepKayGranger
29760,"BRADY, Kevin Patrick",117,House,RepKevinBrady
29759,"SESSIONS, Pete",117,House,PeteSessions
29754,"THUNE, John",117,Senate,SenJohnThune
29741,"PASCRELL, William J., Jr.",117,House,BillPascrell
29735,"BLUNT, Roy",117,Senate,RoyBlunt
29732,"STABENOW, Deborah Ann",117,Senate,SenStabenow
29729,"McGOVERN, James P.",117,House,RepMcGovern
29722,"MORAN, Jerry",117,Senate,JerryMoran
29717,"DAVIS, Danny K.",117,House,RepDannyDavis
29710,"DeGETTE, Diana",117,House,RepDianaDeGette
29707,"SHERMAN, Brad",117,House,BradSherman
29701,"ADERHOLT, Robert",117,House,Robert_Aderholt
29588,"BLUMENAUER, Earl",117,House,repblumenauer
29573,"JACKSON LEE, Sheila",117,House,JacksonLeeTX18
29571,"DOGGETT, Lloyd Alton, II",117,House,RepLloydDoggett
29566,"GRAHAM, Lindsey O.",117,Senate,LindseyGrahamSC
29561,"DOYLE, Michael F.",117,House,USRepMikeDoyle
29550,"CHABOT, Steve",117,House,RepSteveChabot
29548,"BURR, Richard M.",117,Senate,SenatorBurr
29534,"WICKER, Roger F.",117,Senate,SenatorWicker
29504,"LOFGREN, Zoe",117,House,RepZoeLofgren
29393,"LUCAS, Frank D.",117,House,RepFrankLucas
29389,"BROWN, Sherrod",117,Senate,SenSherrodBrown
29386,"PORTMAN, Robert Jones (Rob)",117,Senate,senrobportman
29379,"MALONEY, Carolyn Bosher",117,House,CarolynBMaloney
29377,"NADLER, Jerrold Lewis",117,House,RepJerryNadler
29373,"MENENDEZ, Robert",117,Senate,SenatorMenendez
29368,"THOMPSON, Bennie",117,House,BennieGThompson
29346,"RUSH, Bobby L.",117,House,RepBobbyRush
29345,"CRAPO, Michael Dean",117,Senate,MikeCrapo
29339,"BISHOP, Sanford Dixon, Jr.",117,House,SanfordBishop
29337,"HASTINGS, Alcee Lamar",117,House,RepHastingsFL
29323,"CALVERT, Ken",117,House,KenCalvert
29317,"ROYBAL-ALLARD, Lucille",117,House,RepRoybalAllard
29312,"ESHOO, Anna Georges",117,House,RepAnnaEshoo
29147,"SANDERS, Bernard",117,Senate,BernieSanders
29142,"REED, John F. (Jack)",117,Senate,SenJackReed
29109,"DeLAURO, Rosa L.",117,House,rosadelauro
29106,"WATERS, Maxine",117,House,RepMaxineWaters
22156,"WILLIAMS, Nikema",117,House,NikemaWilliams
22155,"VAN DUYNE, Beth",117,House,Bethvanduyne
22154,"TORRES, Ritchie",117,House,RitchieTorres
22153,"STRICKLAND, Marilyn",117,House,StricklandforWA
22152,"STEEL, Michelle",117,House,MichelleSteelCA
22151,"SPARTZ, Victoria",117,House,Victoria_Spartz
22150,"SALAZAR, Maria Elvira",117,House,MaElviraSalazar
22149,"ROSS, Deborah K.",117,House,DeborahRossNC
22148,"ROSENDALE, Matthew M., Sr.",117,House,MattForMontana
22147,"PFLUGER, August",117,House,AugustPfluger
22146,"OWENS, Burgess",117,House,BurgessOwens
22145,"OBERNOLTE, Jay",117,House,JayObernolte
22144,"NEWMAN, Marie",117,House,Marie4Congress
22143,"NEHLS, Troy E.",117,House,SheriffTNehls
22142,"MRVAN, Frank J.",117,House,RepMrvan
22141,"MOORE, Blake D.",117,House,ElectBlakeMoore
22140,"MOORE, Barry",117,House,RepBarryMoore
22139,"MILLER-MEEKS, Mariannette",117,House,RepMMM
22138,"MILLER, Mary E.",117,House,Miller_Congress
22137,"MEIJER, Peter",117,House,RepMeijer
22136,"MCCLAIN, Lisa C.",117,House,LisaForCongress
22135,"MANNING, Kathy E.",117,House,KathyManningNC
22134,"MANN, Tracey",117,House,RepMann
22133,"MALLIOTAKIS, Nicole",117,House,NMalliotakis
22132,"MACE, Nancy",117,House,NancyMace
22131,"LEGER FERNANDEZ, Teresa",117,House,TeresaForNM
22130,"LATURNER, Jake",117,House,JakeLaTurner
22129,"KIM, Young",117,House,YoungKimCA
22128,"KAHELE, Kaialiʻi",117,House,kaikahele
22127,"JONES, Mondaire",117,House,MondaireJones
22126,"JACOBS, Sara",117,House,SaraJacobsCA
22125,"JACKSON, Ronny",117,House,RonnyJacksonTX
22124,"HINSON, Ashley",117,House,hinsonashley
22123,"HERRELL, Yvette",117,House,Yvette4congress
22122,"HARSHBARGER, Diana",117,House,DHarshbargerTN1
22121,"GREENE, Marjorie Taylor",117,House,mtgreenee
22120,"GOOD, Bob",117,House,RepGoodlatte
22119,"GONZALES, Tony",117,House,TonyGonzales4TX
22118,"GIMENEZ, Carlos A.",117,House,CarlosGimenezFL
22117,"GARBARINO, Andrew R.",117,House,GarbarinoforNY
22116,"FRANKLIN, C. Scott",117,House,RepFranklin
22115,"FITZGERALD, Scott",117,House,FitzgeraldForWI
22114,"FISCHBACH, Michelle",117,House,FischbachMN7
22113,"FEENSTRA, Randy",117,House,RandyFeenstra
22112,"FALLON, Pat",117,House,FallonForTexas
22111,"DONALDS, Byron",117,House,ByronDonalds
22110,"CLYDE, Andrew S.",117,House,
22109,"CAWTHORN, Madison",117,House,CawthornforNC
22108,"CARL, Jerry L.",117,House,RepJerryCarl
22107,"CAMMACK, Kat",117,House,Kat_Cammack
22106,"BUSH, Cori",117,House,CoriBush
22105,"BOWMAN, Jamaal",117,House,JamaalBowmanNY
22104,"BOURDEAUX, Carolyn",117,House,Carolyn4GA7
22103,"BOEBERT, Lauren",117,House,laurenboebert
22102,"BICE, Stephanie I.",117,House,stephaniebice
22101,"BENTZ, Cliff",117,House,CliffBentz
22100,"AUCHINCLOSS, Jake",117,House,JakeAuch
21990,"JACOBS, Chris",117,House,RepJacobs
21989,"TIFFANY, Thomas P.",117,House,TomTiffanyWI
21988,"GARCIA, Mike",117,House,ElectMikeGarcia
21987,"MURPHY, Gregory Francis",117,House,RepGregMurphy
21986,"BISHOP, Dan",117,House,jdanbishop
21985,"KELLER, Fred",117,House,RepFredKeller
21984,"WRIGHT, Ron",117,House,RepRonWright
21983,"WEXTON, Jennifer",117,House,RepWexton
21981,"WALTZ, Michael",117,House,michaelgwaltz
21979,"UNDERWOOD, Lauren",117,House,LaurenUnderwood
21978,"TRONE, David",117,House,RepDavidTrone
21977,"TRAHAN, Lori",117,House,RepLoriTrahan
21975,"TLAIB, Rashida",117,House,RashidaTlaib
21974,"TIMMONS, William",117,House,RepTimmons
21973,"TAYLOR, Nicholas",117,House,VanTaylorTX
21972,"STEVENS, Haley",117,House,RepHaleyStevens
21971,"STEUBE, William",117,House,RepGregSteube
21970,"STEIL, Bryan",117,House,RepBryanSteil
21969,"STAUBER, Peter",117,House,RepPeteStauber
21968,"STANTON, Greg",117,House,gregstantonaz
21966,"SPANBERGER, Abigail",117,House,SpanbergerVA07
21965,"SLOTKIN, Elissa",117,House,RepSlotkin
21964,"SHERRILL, Mikie",117,House,RepSherrill
21962,"SCHRIER, Kim",117,House,RepKimSchrier
21961,"ROY, Charles",117,House,RepChipRoy
21959,"ROSE, John",117,House,RepJohnRose
21956,"RESCHENTHALER, Guy",117,House,GReschenthaler
21955,"PRESSLEY, Ayanna",117,House,AyannaPressley
21954,"PORTER, Katie",117,House,RepKatiePorter
21953,"PHILLIPS, Dean",117,House,RepDeanPhillips
21952,"PENCE, Gregory",117,House,GregPenceIN
21951,"PAPPAS, Chris",117,House,ChrisPappasNH
21950,"OMAR, Ilhan",117,House,IlhanMN
21949,"OCASIO-CORTEZ, Alexandria",117,House,AOC
21948,"NEGUSE, Joseph",117,House,RepJoeNeguse
21946,"MILLER, Carol",117,House,RepCarolMiller
21945,"MEUSER, Dan",117,House,RepMeuser
21944,"McBATH, Lucy",117,House,lucymcbath
21942,"MALINOWSKI, Tomaz",117,House,Malinowski
21941,"LURIA, Elaine",117,House,RepElaineLuria
21940,"LEVIN, Andy",117,House,RepAndyLevin
21939,"LEVIN, Mike",117,House,MikeLevin
21938,"LEE, Susie",117,House,SusieLeeNV
21937,"KIM, Andy",117,House,AndyKimNJ
21936,"JOYCE, John",117,House,RepJohnJoyce
21935,"JOHNSON, Dustin",117,House,
21934,"HOULAHAN, Christina",117,House,RepHoulahan
21931,"HAYES, Jahana",117,House,JahanaHayesCT
21930,"HARDER, Josh",117,House,RepJoshHarder
21929,"HAGEDORN, Jim",117,House,RepHagedorn
21928,"HAALAND, Debra",117,House,DebHaalandNM
21927,"GUEST, Michael",117,House,RepMichaelGuest
21926,"GREEN, Mark",117,House,RepMarkGreen
21925,"GOODEN, Lance",117,House,Lancegooden
21924,"GONZALEZ, Anthony",117,House,RepAGonzalez
21923,"GOLDEN, Jared",117,House,RepGolden
21922,"GARCIA, Sylvia",117,House,RepSylviaGarcia
21921,"GARCÍA, Jesús",117,House,
21920,"FULCHER, Russell",117,House,RepRussFulcher
21919,"FLETCHER, Elizabeth",117,House,RepFletcher
21917,"ESCOBAR, Veronica",117,House,RepEscobar
21916,"DELGADO, Antonio",117,House,DelgadoforNY19
21915,"DEAN, Madeleine",117,House,RepDean
21914,"DAVIDS, Sharice",117,House,RepDavids
21912,"CROW, Jason",117,House,RepJasonCrow
21911,"CRENSHAW, Daniel",117,House,DanCrenshawTX
21910,"CRAIG, Angela",117,House,RepAngieCraig
21908,"CLINE, Benjamin",117,House,Cline4Virginia
21906,"CASTEN, Sean",117,House,SeanCasten
21905,"BURCHETT, Timothy",117,House,timburchett
21903,"BAIRD, James",117,House,
21902,"AXNE, Cynthia",117,House,RepCindyAxne
21901,"ARMSTRONG, Kelly",117,House,RepArmstrongND
21900,"ALLRED, Colin",117,House,ColinAllredTX
21763,"WILD, Susan",117,House,RepSusanWild
21762,"SCANLON, Mary Gay",117,House,RepMGS
21761,"MORELLE, Joseph D.",117,House,RepJoeMorelle
21760,"HERN, Kevin",117,House,repkevinhern
21759,"BALDERSON, Troy",117,House,Troy_Balderson
21758,"CLOUD, Michael",117,House,RepCloudTX
21757,"LESKO, Debbie",117,House,RepDLesko
21756,"LAMB, Conor",117,House,ConorLambPA
21755,"CURTIS, John R.",117,House,RepJohnCurtis
21754,"GOMEZ, Jimmy",117,House,RepJimmyGomez
21753,"NORMAN, Ralph",117,House,RepRalphNorman
21750,"ESTES, Ron",117,House,RepRonEstes
21747,"SUOZZI, Thomas",117,House,RepTomSuozzi
21746,"SOTO, Darren Michael",117,House,RepDarrenSoto
21745,"SMUCKER, Lloyd K.",117,House,RepSmucker
21744,"RUTHERFORD, John Henry",117,House,RepRutherfordFL
21743,"ROSEN, Jacklyn Sheryl",117,Senate,SenJackyRosen
21741,"RASKIN, Jamie Ben",117,House,RepRaskin
21740,"PANETTA, James Varni",117,House,RepJimmyPanetta
21739,"O'HALLERAN, Thomas C.",117,House,RepOHalleran
21738,"MURPHY, Stephanie",117,House,RepStephMurphy
21736,"MCEACHIN, Aston Donald",117,House,RepMcEachin
21735,"MAST, Brian Jeffery",117,House,RepBrianMast
21734,"MARSHALL, Roger Wayne",117,Senate,RogerMarshallMD
21732,"LAWSON, Alfred Jr.",117,House,RepAlLawsonJr
21731,"KUSTOFF, David",117,House,RepDavidKustoff
21730,"KRISHNAMOORTHI, S. Raja",117,House,CongressmanRaja
21728,"KHANNA, Rohit",117,House,RoKhanna
21727,"JOHNSON, Mike",117,House,RepMikeJohnson
21726,"JAYAPAL, Pramila",117,House,RepJayapal
21725,"HOLLINGSWORTH, Joseph Albert III",117,House,RepTrey
21724,"HIGGINS, Clay",117,House,RepClayHiggins
21723,"GOTTHEIMER, Josh S.",117,House,RepJoshG
21722,"GONZALEZ, Vicente Jr.",117,House,RepGonzalez
21720,"GALLAGHER, Michael",117,House,SenKatyG
21719,"GAETZ, Matthew L. II",117,House,RepMattGaetz
21718,"FITZPATRICK, Brian K.",117,House,RepBrianFitz
21717,"FERGUSON, Anderson Drew IV",117,House,RepDrewFerguson
21715,"ESPAILLAT, Adriano J.",117,House,RepEspaillat
21714,"DUNN, Neal Patrick",117,House,DrNealDunnFL2
21713,"DEMINGS, Valdez Butler",117,House,RepValDemings
21712,"CRIST, Charlie Joseph Jr.",117,House,CharlieCrist
21711,"CORREA, Jose Luis",117,House,RepLouCorrea
21710,"CHENEY, Liz",117,House,Liz_Cheney
21709,"CARBAJAL, Salud",117,House,RepCarbajal
21708,"BUDD, Theodore Paul",117,House,buddforcongress
21707,"BROWN, Anthony Gregory",117,House,
21706,"BLUNT ROCHESTER, Lisa",117,House,RepLBR
21705,"BIGGS, Andrew S.",117,House,RepAndyBiggsAZ
21704,"BERGMAN, John",117,House,RepJackBergman
21702,"BANKS, James E.",117,House,RepJimBanks
21701,"BACON, Donald J.",117,House,RepDonBacon
21700,"ARRINGTON, Jodey Cook",117,House,RepArrington
21566,"EVANS, Dwight",117,House,RepDwightEvans
21565,"COMER, James",117,House,JamesComer
21564,"DAVIDSON, Warren",117,House,WarrenDavidson
21563,"WESTERMAN, Bruce Eugene",117,House,RepWesterman
21562,"LaHOOD, Darin",117,House,RepLaHood
21561,"KELLY, Trent",117,House,RepTrentKelly
21559,"GROTHMAN, Glenn",117,House,RepGrothman
21557,"MOONEY, Alex X.",117,House,RepAlexMooney
21556,"NEWHOUSE, Daniel Milton",117,House,RepNewhouse
21554,"BEYER, Donald Sternoff Jr.",117,House,RepDonBeyer
21551,"BABIN, Brian",117,House,RepBrianBabin
21548,"BOYLE, Brendan Francis",117,House,CongBoyle
21545,"ADAMS, Alma",117,House,RepAdams
21544,"ROUZER, David",117,House,RepDavidRouzer
21542,"KATKO, John",117,House,RepJohnKatko
21541,"STEFANIK, Elise M",117,House,EliseStefanik
21540,"RICE, Kathleen Maura",117,House,RepKathleenRice
21539,"ZELDIN, Lee M",117,House,RepLeeZeldin
21538,"WATSON COLEMAN, Bonnie",117,House,RepBonnie
21536,"NORCROSS, Donald",117,House,DonaldNorcross
21531,"EMMER, Thomas Earl II",117,House,RepTomEmmer
21530,"LAWRENCE, Brenda L",117,House,RepLawrence
21529,"DINGELL, Debbie",117,House,RepDebDingell
21526,"MOOLENAAR, John",117,House,RepMoolenaar
21525,"MOULTON, Seth",117,House,sethmoulton
21523,"GRAVES, Garret",117,House,RepGarretGraves
21519,"BOST, Mike",117,House,RepBost
21516,"ALLEN, Rick W.",117,House,RepRickAllen
21515,"LOUDERMILK, Barry D.",117,House,RepLoudermilk
21514,"HICE, Jody Brownlow",117,House,CongressmanHice
21513,"CARTER, Buddy",117,House,
21510,"BUCK, Kenneth Robert",117,House,
21508,"TORRES, Norma Judith",117,House,NormaJTorres
21507,"LIEU, Ted",117,House,tedlieu
21506,"AGUILAR, Peter Rey",117,House,RepPeteAguilar
21504,"DESAULNIER, Mark James",117,House,RepDeSaulnier
21503,"HILL, French",117,House,RepFrenchHill
21502,"GALLEGO, Ruben",117,House,RubenGallego
21500,"PALMER, Gary James",117,House,USRepGaryPalmer
21375,"CLARK, Katherine M.",117,House,RepKClark
21373,"SMITH, Jason",117,House,RepJasonSmith
21372,"KILDEE, Dan",117,House,RepDanKildee
21371,"KELLY, Robin L.",117,House,RepRobinKelly
21370,"POCAN, Mark",117,House,repmarkpocan
21368,"KILMER, Derek",117,House,RepDerekKilmer
21367,"STEWART, Chris",117,House,RepChrisStewart
21366,"VELA, Filemon",117,House,RepFilemonVela
21365,"VEASEY, Marc",117,House,RepVeasey
21364,"WILLIAMS, Roger",117,House,RepRWilliams
21362,"CASTRO, Joaquin",117,House,JoaquinCastrotx
21360,"WEBER, Randy",117,House,TXRandy14
21359,"RICE, Tom",117,House,
21358,"CARTWRIGHT, Matt",117,House,RepCartwright
21356,"PERRY, Scott",117,House,
21355,"MULLIN, Markwayne",117,House,RepMullin
21353,"JOYCE, David",117,House,RepDaveJoyce
21352,"BEATTY, Joyce",117,House,RepBeatty
21351,"WENSTRUP, Brad",117,House,RepBradWenstrup
21350,"CRAMER, Kevin",117,Senate,SenKevinCramer
21346,"HUDSON, Richard",117,House,RepRichHudson
21344,"MALONEY, Sean Patrick",117,House,RepSeanMaloney
21343,"JEFFRIES, Hakeem",117,House,RepJeffries
21342,"MENG, Grace",117,House,RepGraceMeng
21340,"KUSTER, Ann McLane",117,House,RepAnnieKuster
21339,"HORSFORD, Steven",117,House,RepHorsford
21338,"DAINES, Steve",117,Senate,SteveDaines
21337,"WAGNER, Ann",117,House,EmbZambia
21333,"BARR, Garland H. (Andy) IV",117,House,RepAndyBarr
21330,"WALORSKI, Jackie",117,House,RepWalorski
21329,"BUSTOS, Cheri",117,House,RepCheri
21328,"DAVIS, Rodney",117,House,
21326,"SCHNEIDER, Brad",117,House,RepSchneider
21325,"DUCKWORTH, Tammy",117,Senate,SenDuckworth
21321,"FRANKEL, Lois",117,House,RepLoisFrankel
21315,"PETERS, Scott",117,House,RepScottPeters
21314,"VARGAS, Juan",117,House,RepJuanVargas
21313,"LOWENTHAL, Alan",117,House,RepLowenthal
21312,"TAKANO, Mark",117,House,RepMarkTakano
21311,"RUIZ, Raul",117,House,RepRaulRuizMD
21308,"BROWNLEY, Julia",117,House,RepBrownley
21307,"VALADAO, David G.",117,House,RepDavidValadao
21306,"SWALWELL, Eric",117,House,RepSwalwell
21304,"BERA, Ami",117,House,RepBera
21303,"HUFFMAN, Jared",117,House,RepHuffman
21302,"LaMALFA, Doug",117,House,RepLaMalfa
21301,"COTTON, Tom",117,Senate,SenTomCotton
21300,"SINEMA, Kyrsten",117,Senate,kyrstensinema
21198,"BONAMICI, Suzanne",117,House,RepBonamici
21196,"AMODEI, Mark E.",117,House,AmodeiForNevada
21193,"BROOKS, Mo",117,House,RepMoBrooks
21191,"GRIFFITH, H. Morgan",117,House,RepMGriffith
21188,"McKINLEY, David",117,House,RepMcKinley
21187,"HERRERA BEUTLER, Jaime",117,House,HerreraBeutler
21179,"DESJARLAIS, Scott",117,House,DesJarlaisTN04
21178,"FLEISCHMANN, Chuck",117,House,RepChuck
21174,"DUNCAN, Jeff",117,House,RepJeffDuncan
21173,"SCOTT, Tim",117,Senate,TimScottSC
21172,"CICILLINE, David N.",117,House,davidcicilline
21167,"KELLY, Mike",117,House,MikeKellyPA
21166,"LANKFORD, James",117,Senate,SenatorLankford
21165,"GIBBS, Bob",117,House,RepBobGibbs
21163,"STIVERS, Steve",117,House,RepSteveStivers
21162,"JOHNSON, Bill",117,House,
21150,"LONG, Billy",117,House,USRepLong
21149,"HARTZLER, Vicky",117,House,RepHartzler
21148,"PALAZZO, Steven",117,House,CongPalazzo
21142,"HUIZENGA, Bill",117,House,RepHuizenga
21140,"KEATING, William R.",117,House,WilliamKeating
21139,"HARRIS, Andy",117,House,RepAndyHarrisMD
21137,"RICHMOND, Cedric",117,House,RepRichmond
21133,"YOUNG, Todd",117,Senate,SenToddYoung
21132,"BUCSHON, Larry",117,House,RepLarryBucshon
21128,"KINZINGER, Adam",117,House,RepKinzinger
21123,"SCOTT, Austin",117,House,AustinScottGA08
21118,"WILSON, Frederica",117,House,RepWilson
21116,"WEBSTER, Daniel A.",117,House,RepWebster
21110,"BASS, Karen",117,House,
21108,"WOMACK, Steve",117,House,rep_stevewomack
21106,"CRAWFORD, Rick",117,House,RepRickCrawford
21105,"SCHWEIKERT, David",117,House,RepDavid
21103,"GOSAR, Paul",117,House,RepGosar
21102,"SEWELL, Terri",117,House,RepTerriSewell
21101,"REED, Thomas W. II",117,House,SenJackReed
20959,"DEUTCH, Theodore E. (Ted)",117,House,RepTedDeutch
20958,"GARAMENDI, John",117,House,RepGaramendi
20955,"CHU, Judy",117,House,RepJudyChu
20954,"QUIGLEY, Mike",117,House,RepMikeQuigley
20953,"LUMMIS, Cynthia M.",117,Senate,SenLummis
20952,"CONNOLLY, Gerald E. (Gerry)",117,House,GerryConnolly
20946,"THOMPSON, Glenn",117,House,fredthompson
20944,"SCHRADER, Kurt",117,House,RepSchrader
20941,"FUDGE, Marcia L.",117,House,RepMarciaFudge
20934,"TONKO, Paul",117,House,RepPaulTonko
20930,"HEINRICH, Martin",117,Senate,MartinHeinrich
20927,"TITUS, Alice (Dina)",117,House,repdinatitus
20926,"LUETKEMEYER, Blaine",117,House,RepBlaine
20923,"PETERS, Gary C.",117,Senate,SenGaryPeters
20920,"PINGREE, Chellie",117,House,chelliepingree
20919,"CASSIDY, Bill",117,Senate,SenBillCassidy
20916,"GUTHRIE, Brett",117,House,RepGuthrie
20909,"POSEY, Bill",117,House,congbillposey
20907,"HIMES, James A.",117,House,jahimes
20903,"McCLINTOCK, Tom",117,House,RepMcClintock
20902,"KIRKPATRICK, Ann",117,House,Ann_Kirkpatrick
20762,"SPEIER, Karen Lorraine Jacqueline (Jackie)",117,House,RepSpeier
20759,"SCALISE, Steve",117,House,SteveScalise
20758,"BILIRAKIS, Gus",117,House,RepGusBilirakis
20757,"CARSON, André",117,House,RepAndreCarson
20756,"WITTMAN, Robert J.",117,House,RobWittman
20755,"LATTA, Robert E.",117,House,boblatta
20750,"WELCH, Peter",117,House,PeterWelch
20749,"FOSTER, Bill",117,House,RepBillFoster
20748,"COHEN, Stephen",117,House,RepCohen
20738,"JORDAN, Jim",117,House,Jim_Jordan
20735,"GILLIBRAND, Kirsten",117,Senate,SenGillibrand
20733,"CLARKE, Yvette Diane",117,House,RepYvetteClarke
20729,"SMITH, Adrian",117,House,RepAdrianSmith
20725,"WALBERG, Tim",117,House,RepWalberg
20724,"SARBANES, John",117,House,RepSarbanes
20723,"YARMUTH, John",117,House,RepJohnYarmuth
20713,"HIRONO, Mazie",117,Senate,maziehirono
20712,"JOHNSON, Hank",117,House,RepHankJohnson
20709,"BUCHANAN, Vernon G.",117,House,VernBuchanan
20708,"CASTOR, Kathy",117,House,USRepKCastor
20707,"MURPHY, Christopher",117,Senate,ChrisMurphyCT
20706,"COURTNEY, Joe",117,House,RepJoeCourtney
20705,"PERLMUTTER, Ed",117,House,RepPerlmutter
20704,"LAMBORN, Doug",117,House,RepDLamborn
20703,"MCCARTHY, Kevin",117,House,GOPLeader
20702,"McNERNEY, Jerry",117,House,RepMcNerney
20542,"SIRES, Albio",117,House,RepSires
20538,"MATSUI, Doris",117,House,DorisMatsui
20537,"MOORE, Gwendolynne S. (Gwen)",117,House,RepGwenMoore
20535,"McMORRIS RODGERS, Cathy",117,House,
20533,"CUELLAR, Henry",117,House,RepCuellar
20530,"McCAUL, Michael T.",117,House,RepMcCaul
20529,"GREEN, Al",117,House,RepAlGreen
20527,"GOHMERT, Louie",117,House,replouiegohmert
20522,"McHENRY, Patrick T.",117,House,PatrickMcHenry
20521,"FOXX, Virginia Ann",117,House,virginiafoxx
20519,"HIGGINS, Brian",117,House,RepBrianHiggins
20518,"FORTENBERRY, Jeff",117,House,JeffFortenberry
20517,"CLEAVER, Emanuel, II",117,House,repcleaver
20504,"WASSERMAN SCHULTZ, Debbie",117,House,DWStweets
20501,"COSTA, Jim",117,House,RepJimCosta
20356,"CARTER, John R.",117,House,
20355,"BURGESS, Michael C.",117,House,RepBurgessOwens
20351,"BLACKBURN, Marsha",117,Senate,MarshaBlackburn
20344,"COLE, Tom",117,House,TomColeOK04
20343,"RYAN, Timothy J.",117,House,
20342,"TURNER, Michael R.",117,House,RepMikeTurner
20340,"BUTTERFIELD, George Kenneth, Jr. (G.K.)",117,House,GKButterfield
20330,"VAN HOLLEN, Christopher",117,Senate,ChrisVanHollen
20329,"RUPPERSBERGER, C. A. (Dutch)",117,House,Call_Me_Dutch
20322,"CASE, Ed",117,House,RepEdCase
20321,"SCOTT, David",117,House,
20316,"DIAZ-BALART, Mario",117,House,MarioDB
20307,"NUNES, Devin",117,House,DevinNunes
20305,"GRIJALVA, Raúl M.",117,House,RepRaulGrijalva
20301,"ROGERS, Mike Dennis",117,House,RepMikeRogersAL
20146,"CAPITO, Shelley Moore",117,Senate,SenCapito
20145,"LARSEN, Richard Ray (Rick)",117,House,RepRickLarsen
20138,"WILSON, Addison Graves (Joe)",117,House,RepJoeWilson
20136,"LANGEVIN, James",117,House,JimLangevin
20124,"GRAVES, Samuel",117,House,RepSamGraves
20122,"McCOLLUM, Betty",117,House,BettyMcCollum04
20119,"LYNCH, Stephen F.",117,House,RepStephenLynch
20107,"ISSA, Darrell",117,House,repdarrellissa
20104,"SCHIFF, Adam",117,House,RepAdamSchiff
20101,"BOOZMAN, John",117,Senate,JohnBoozman
15616,"NEAL, Richard Edmund",117,House,RepRichardNeal
15454,"PALLONE, Frank, Jr.",117,House,FrankPallone
15448,"PELOSI, Nancy",117,House,SpeakerPelosi
15446,"UPTON, Frederick Stephen",117,House,UptonForAllOfUs
15438,"PRICE, David Eugene",117,House,RepDavidEPrice
15433,"MFUME, Kweisi",117,House,RepKweisiMfume
15424,"INHOFE, James Mountain",117,Senate,JimInhofe
15410,"DeFAZIO, Peter Anthony",117,House,RepPeterDeFazio
15408,"CARDIN, Benjamin Louis",117,Senate,SenatorCardin
15029,"KAPTUR, Marcia Carolyn (Marcy)",117,House,RepMarcyKaptur
15021,"DURBIN, Richard Joseph",117,Senate,SenatorDurbin
15019,"COOPER, James Hayes Shofner",117,House,
15015,"CARPER, Thomas Richard",117,Senate,SenatorCarper
14921,"McCONNELL, Addison Mitchell (Mitch)",117,Senate,McConnellPress
14873,"HOYER, Steny Hamilton",117,House,LeaderHoyer
14871,"WYDEN, Ronald Lee",117,Senate,RonWyden
14863,"SMITH, Christopher Henry",117,House,
14858,"SCHUMER, Charles Ellis (Chuck)",117,Senate,SenSchumer
14854,"ROGERS, Harold Dallas (Hal)",117,House,RepHalRogers
14435,"MARKEY, Edward John",117,Senate,EdMarkey
14307,"LEAHY, Patrick Joseph",117,Senate,SenatorLeahy
14226,"GRASSLEY, Charles Ernest",117,Senate,ChuckGrassley
14066,"YOUNG, Donald Edwin",117,House,repdonyoung
91737,"MITCHELL, Paul",116,House,RepPaulMitchell
91143,"AMASH, Justin",116,House,justinamash
49706,"ENZI, Michael B.",116,Senate,SenatorEnzi
41705,"JONES, Gordon Douglas (Doug)",116,Senate,DougJones
41501,"PERDUE, David Alfred, Jr.",116,Senate,sendavidperdue
40304,"ALEXANDER, Lamar",116,Senate,SenAlexander
29932,"WALDEN, Greg",116,House,repgregwalden
29924,"UDALL, Thomas (Tom)",116,Senate,SenatorTomUdall
29909,"ISAKSON, Johnny",116,Senate,SenatorIsakson
29718,"SHIMKUS, John M.",116,House,RepShimkus
29587,"CUMMINGS, Elijah Eugene",116,House,RepCummings
29572,"THORNBERRY, William McClellan (Mac)",116,House,MacTXPress
29546,"JONES, Walter Beaman, Jr.",116,House,RepWalterJones
29375,"KING, Peter T.",116,House,RepPeteKing
29134,"SERRANO, José E.",116,House,RepJoseSerrano
29127,"PETERSON, Collin Clark",116,House,collinpeterson
21991,"HALL, Kwanza",116,House,kwanzahall
21982,"WATKINS, Steve",116,House,Steve4Kansas
21980,"VAN DREW, Jefferson",116,House,CongressmanJVD
21976,"TORRES SMALL, Xochitl",116,House,RepTorresSmall
21967,"SPANO, Ross",116,House,RepRossSpano
21963,"SHALALA, Donna",116,House,DonnaShalala
21960,"ROUDA, Harley",116,House,HarleyRouda
21958,"ROSE, Max",116,House,MaxRose4NY
21957,"RIGGLEMAN, Denver",116,House,Denver4VA
21947,"MUCARSEL-POWELL, Debbie",116,House,RepDMP
21943,"McADAMS, Ben",116,House,BenMcAdams
21933,"HORN, Kendra",116,House,KendraSHorn
21932,"HILL, Katie",116,House,KatieHill4CA
21918,"FINKENAUER, Abby",116,House,Abby4Iowa
21913,"CUNNINGHAM, Joe",116,House,JoeCunninghamSC
21909,"COX, TJ",116,House,RepTjCox
21907,"CISNEROS, Gil",116,House,GilCisnerosCA
21904,"BRINDISI, Anthony",116,House,ABrindisiNY
21751,"GIANFORTE, Greg",116,House,GregForMontana
21742,"ROONEY, Francis",116,House,RepRooney
21737,"MITCHELL, Paul",116,House,RepPaulMitchell
21550,"HURD, William Ballard",116,House,HurdOnTheHill
21549,"RATCLIFFE, John",116,House,DNI_Ratcliffe
21543,"WALKER, Bradley Mark",116,House,RepMarkWalker
21522,"ABRAHAM, Ralph",116,House,RepAbraham
21501,"McSALLY, Martha",116,Senate,MarthaMcSally
21376,"BYRNE, Bradley",116,House,RepByrne
21369,"HECK, Denny",116,House,RepDennyHeck
21349,"HOLDING, George E.B.",116,House,RepHolding
21348,"MEADOWS, Mark",116,House,MarkMeadows
21345,"COLLINS, Chris",116,House,
21335,"KENNEDY, Joseph P. III",116,House,RepJoeKennedy
21331,"BROOKS, Susan",116,House,SusanWBrooks
21324,"GABBARD, Tulsi",116,House,TulsiGabbard
21323,"COLLINS, Doug",116,House,CollinsforGA
21317,"YOHO, Ted",116,House,RepTedYoho
21305,"COOK, Paul",116,House,ColPaulCookRet
21192,"ROBY, Martha",116,House,MarthaRobyAL
21189,"DUFFY, Sean",116,House,SeanDuffyWI
21182,"FLORES, Bill",116,House,
21170,"MARINO, Thomas A.",116,House,
21143,"AMASH, Justin",116,House,justinamash
21122,"WOODALL, Rob",116,House,RepRobWoodall
21112,"GARDNER, Cory",116,Senate,SenCoryGardner
21111,"TIPTON, Scott",116,House,RepTipton
20963,"HUNTER, Duncan Duane",116,House,
20962,"GRAVES, Tom",116,House,RepTomGraves
20948,"OLSON, Pete",116,House,PeteOlson
20947,"ROE, David P. (Phil)",116,House,DrPhilRoe
20720,"LOEBSACK, Dave",116,House,daveloebsack
20532,"MARCHANT, Kenny",116,House,RepKenMarchant
20531,"CONAWAY, K. Michael",116,House,ConawayTX11
20508,"LIPINSKI, Daniel",116,House,RepLipinski
20357,"BISHOP, Robert (Rob)",116,House,
20325,"KING, Steve",116,House,SteveKingIA
20147,"CLAY, William Lacy, Jr.",116,House,LacyClayMO1
20108,"DAVIS, Susan A.",116,House,
15612,"LOWEY, Nita M.",116,House,NitaLowey
15603,"ENGEL, Eliot Lance",116,House,RepEliotEngel
15431,"LEWIS, John R.",116,House,repjohnlewis
15124,"VISCLOSKY, Peter",116,House,RepVisclosky
14852,"ROBERTS, Charles Patrick (Pat)",116,Senate,SenPatRoberts
99912,"TRUMP, Donald John",115,President,
49700,"SESSIONS, Jefferson Beauregard III (Jeff)",115,Senate,SenatorSessions
41704,"STRANGE, Luther  Johnson, III",115,Senate,lutherstrange
41303,"HEITKAMP, Mary Kathryn (Heidi)",115,Senate,SenatorHeitkamp
40904,"FRANKEN, Al",115,Senate,alfranken
40705,"CORKER, Robert (Bob)",115,Senate,SenBobCorker
40701,"McCASKILL, Claire",115,Senate,clairecmc
39308,"GOODLATTE, Robert William",115,House,RepGoodlatte
39304,"GREEN, Raymond Eugene (Gene)",115,House,RepGeneGreen
29939,"RYAN, Paul D.",115,House,SpeakerRyan
29925,"CROWLEY, Joseph",115,House,repjoecrowley
29919,"CAPUANO, Michael Everett",115,House,RepMikeCapuano
29777,"BRADY, Robert A.",115,House,RepBrady
29565,"SANFORD, Mark",115,House,MarkSanford
29541,"FRELINGHUYSEN, Rodney P.",115,House,USRepRodney
29539,"LoBIONDO, Frank A.",115,House,RepLoBiondo
29378,"VELÁZQUEZ, Nydia M.",115,House,NydiaVelazquez
29348,"GUTIÉRREZ, Luis V.",115,House,RepGutierrez
29321,"ROYCE, Edward Randall",115,House,RepEdRoyce
29316,"BECERRA, Xavier",115,House,RepBecerra
29143,"JOHNSON, Sam",115,House,SamsPressShop
21764,"JONES, Brenda",115,House,VoteBrendaJones
21752,"HANDEL, Karen",115,House,
21749,"TENNEY, Claudia",115,House,
21748,"TAYLOR, Scott William",115,House,Scotttaylorva
21733,"LEWIS, Jason Mark",115,House,Jason2CD
21729,"KIHUEN, Ruben Jesus",115,House,RepKihuen
21721,"GARRETT, Thomas Alexander Jr.",115,House,
21716,"FASO, John J.",115,House,RepJohnFaso
21560,"DONOVAN, Daniel M., Jr.",115,House,RepDanDonovan
21558,"JENKINS, Evan H.",115,House,RepEvanJenkins
21555,"COMSTOCK, Barbara J.",115,House,BarbaraComstock
21553,"BRAT, David A.",115,House,DaveBratVA7th
21552,"LOVE, Ludmya Bourdeau (Mia)",115,House,RepMiaLove
21547,"COSTELLO, Ryan",115,House,RepRyanCostello
21546,"RUSSELL, Steve",115,House,RepRussell
21537,"MacARTHUR, Thomas Charles",115,House,RepTomMacArthur
21532,"ZINKE, Ryan",115,House,RyanZinke
21528,"TROTT, David A.",115,House,RepDaveTrott
21527,"BISHOP, Michael Dean",115,House,RepMikeBishop
21524,"POLIQUIN, Bruce Lee",115,House,RepPoliquin
21521,"YOUNG, David",115,House,RepDavidYoung
21520,"BLUM, Rod",115,House,RepRodBlum
21512,"CURBELO, Carlos",115,House,RepCurbelo
21509,"WALTERS, Mimi",115,House,RepMimiWalters
21505,"KNIGHT, Steve",115,House,SteveKnight25
21361,"O'ROURKE, Beto",115,House,RepBetoORourke
21357,"ROTHFUS, Keith",115,House,KeithRothfus
21354,"BRIDENSTINE, Jim",115,House,RepJBridenstine
21347,"PITTENGER, Robert",115,House,reppittenger
21341,"LUJAN GRISHAM, Michelle",115,House,RepLujanGrisham
21334,"DELANEY, John",115,House,RepJohnDelaney
21332,"MESSER, Luke",115,House,RepLukeMesser
21318,"DeSANTIS, Ron",115,House,RonDeSantisFL
21316,"ESTY, Elizabeth",115,House,RepEsty
21309,"CÁRDENAS, Tony",115,House,RepCardenas
21184,"FARENTHOLD, Blake",115,House,farenthold
21180,"BLACK, Diane",115,House,RepDianeBlack
21177,"NOEM, Kristi",115,House,RepKristiNoem
21176,"MULVANEY, Mick",115,House,RepMickMulvaney
21175,"GOWDY, Trey",115,House,TGowdySC
21171,"BARLETTA, Lou",115,House,RepLouBarletta
21168,"MEEHAN, Patrick",115,House,RepMeehan
21164,"RENACCI, Jim",115,House,RepJimRenacci
21136,"POMPEO, Mike",115,House,RepMikePompeo
21135,"YODER, Kevin",115,House,RepKevinYoder
21131,"ROKITA, Todd",115,House,ToddRokita
21129,"HULTGREN, Randy",115,House,RepHultgren
21125,"LABRADOR, Raúl R.",115,House,Raul_Labrador
21124,"HANABUSA, Colleen",115,House,RepHanabusa
21117,"ROSS, Dennis",115,House,RepDennisRoss
21109,"DENHAM, Jeff",115,House,RepJeffDenham
20949,"CHAFFETZ, Jason",115,House,jasoninthehouse
20932,"LUJÁN, Ben Ray",115,House,repbenraylujan
20929,"LANCE, Leonard",115,House,RepLanceNJ7
20925,"HARPER, Gregg",115,House,GreggHarper
20924,"PAULSEN, Erik",115,House,RepErikPaulsen
20915,"JENKINS, Lynn",115,House,RepLynnJenkins
20910,"ROONEY, Thomas J.",115,House,TomRooney
20906,"COFFMAN, Mike",115,House,RepMikeCoffman
20904,"POLIS, Jared",115,House,jaredpolis
20754,"TSONGAS, Nicola S. (Niki)",115,House,nikiinthehouse
20731,"SHEA-PORTER, Carol",115,House,RepSheaPorter
20730,"HELLER, Dean",115,Senate,DeanHeller
20727,"ELLISON, Keith",115,House,keithellison
20726,"WALZ, Tim",115,House,RepTimWalz
20717,"DONNELLY, Joe",115,Senate,SenDonnelly
20715,"ROSKAM, Peter",115,House,PeterRoskam
20536,"REICHERT, David G.",115,House,davereichert
20528,"POE, Ted",115,House,JudgeTedPoe
20526,"DENT, Charles W.",115,House,RepCharlieDent
20505,"PRICE, Tom",115,House,RepTomPrice
20352,"HENSARLING, Jeb",115,House,RepHensarling
20346,"MURPHY, Timothy",115,House,RepTimMurphy
20337,"PEARCE, Stevan",115,House,RepStevePearce
20310,"SÁNCHEZ, Linda T.",115,House,RepLindaSanchez
20304,"FRANKS, Trent",115,House,RepTrentFranks
20139,"CULBERSON, John",115,House,johnculberson
20134,"SHUSTER, William (Bill)",115,House,RepBillShuster
20130,"TIBERI, Patrick (Pat)",115,House,PatTiberi
20100,"FLAKE, Jeff",115,Senate,JeffFlake
15634,"ROS-LEHTINEN, Ileana",115,House,RosLehtinen
15621,"ROHRABACHER, Dana",115,House,DanaRohrabacher
15455,"DUNCAN, John J., Jr.",115,House,RepJohnDuncanJr
15445,"SMITH, Lamar Seeligson",115,House,LamarSmithTX21
15444,"SLAUGHTER, Louise McIntosh",115,House,louiseslaughter
15429,"KYL, Jon Llewellyn",115,Senate,
15085,"BARTON, Joe Linus",115,House,RepJoeBarton
15039,"McCAIN, John Sidney, III",115,Senate,SenJohnMcCain
15033,"LEVIN, Sander Martin",115,House,SenCarlLevin
14657,"SENSENBRENNER, Frank James, Jr.",115,House,JimPressOffice
14651,"NELSON, Clarence William (Bill)",115,Senate,SenBillNelson
14503,"HATCH, Orrin Grant",115,Senate,OrrinHatch
14263,"NOLAN, Richard Michael",115,House,USRepRickNolan
14009,"COCHRAN, William Thad",115,Senate,SenThadCochran
10713,"CONYERS, John, Jr.",115,House,RepJohnConyers
41106,"AYOTTE, Kelly",114,Senate,KellyAyotte
29918,"VITTER, David",114,Senate,DavidVitter
29774,"CAPPS, Lois",114,House,RepLoisCapps
29763,"HINOJOSA, Rubén",114,House,USRepRHinojosa
29752,"PITTS, Joseph R.",114,House,RepJoePitts
29709,"SANCHEZ, Loretta",114,House,LorettaSanchez
29559,"FATTAH, Chaka",114,House,chakafattah
29525,"WHITFIELD, Wayne Edward (Ed)",114,House,RepEdWhitfield
29500,"SALMON, Matthew James",114,House,RepMattSalmon
29331,"MICA, John L.",114,House,RepJohnMica
29328,"BROWN, Corrine",114,House,RepCorrineBrown
29313,"FARR, Sam",114,House,RepSamFarr
29137,"BOEHNER, John Andrew",114,House,SpeakerBoehner
21535,"GUINTA, Frank",114,House,RepFrankGuinta
21534,"HARDY, Cresent Leo",114,House,RepHardy
21533,"ASHFORD, John Bradley",114,House,RepBradAshford
21518,"DOLD, Robert",114,House,RepDold
21517,"TAKAI, Mark",114,House,RepMarkTakai
21511,"GRAHAM, Gwendolyn (Gwen)",114,House,GwenGraham
21401,"JOLLY, David W.",114,House,USRepDavidJolly
21377,"CLAWSON, Curt",114,House,RepCurtClawson
21319,"MURPHY, Patrick",114,House,PatrickMurphyFL
21195,"HAHN, Janice",114,House,Rep_JaniceHahn
21190,"RIBBLE, Reid",114,House,RepRibble
21186,"HURT, Robert",114,House,RepRobertHurt
21185,"RIGELL, E. Scott",114,House,RepScottRigell
21181,"FINCHER, Stephen Lee",114,House,RepFincherTN08
21159,"ELLMERS, Renee",114,House,RepReneeEllmers
21157,"HANNA, Richard",114,House,RepRichardHanna
21156,"GIBSON, Christopher",114,House,RepChrisGibson
21151,"HECK, Joe",114,House,RepJoeHeck
21147,"NUNNELEE, Alan",114,House,RepAlanNunnelee
21141,"BENISHEK, Dan",114,House,CongressmanDan
21134,"HUELSKAMP, Tim",114,House,CongHuelskamp
21115,"NUGENT, Richard",114,House,RepRichNugent
21113,"CARNEY, John C., Jr.",114,House,JohnCarneyDE
21100,"STUTZMAN, Marlin",114,House,RepStutzman
20918,"FLEMING, John",114,House,FlemingforLA
20914,"SCHOCK, Aaron",114,House,aaronschock
20908,"GRAYSON, Alan",114,House,AlanGrayson
20763,"EDWARDS, Donna F.",114,House,DonnaFEdwards
20524,"FITZPATRICK, Michael G.",114,House,RepFitzpatrick
20514,"BOUSTANY, Charles W.",114,House,RepBoustany
20506,"WESTMORELAND, Lynn A.",114,House,RepWestmoreland
20353,"NEUGEBAUER, Randy",114,House,RandyNeugebauer
20336,"GARRETT, Scott",114,House,RepGarrett
20333,"KLINE, John",114,House,repjohnkline
20331,"MILLER, Candice S.",114,House,CandiceMiller
20143,"FORBES, J. Randy",114,House,Randy_Forbes
20129,"ISRAEL, Steve",114,House,RepSteveIsrael
20115,"KIRK, Mark Steven",114,Senate,SenatorKirk
20111,"CRENSHAW, Ander",114,House,AnderCrenshaw
20110,"MILLER, Jefferson B. (Jeff)",114,House,RepJeffMiller
20103,"HONDA, Mike",114,House,RepMikeHonda
15613,"McDERMOTT, James A.",114,House,RepJimMcDermott
15054,"REID, Harry",114,Senate,SenatorReid
15011,"BOXER, Barbara",114,Senate,SenatorBoxer
14806,"COATS, Daniel Ray",114,Senate,SenDanCoats
14440,"MIKULSKI, Barbara Ann",114,Senate,SenatorBarb
13035,"RANGEL, Charles B.",114,House,cbrangel
99911,"OBAMA, Barack",113,President,BarackObama
94828,"HALL, Ralph Moody",113,House,RalphHallPress
90327,"ALEXANDER, Rodney",113,House,
49702,"LANDRIEU, Mary L.",113,Senate,SenLandrieu
41309,"WALSH, John E.",113,Senate,JohnWalsh
41307,"CHIESA, Jeffrey Scott",113,Senate,ChiesaNews
41306,"COWAN, William (Mo)",113,Senate,mocowan
40907,"HAGAN, Kay",113,Senate,kayhagan
40905,"JOHANNS, Mike",113,Senate,
40900,"BEGICH, Mark",113,Senate,SenatorBegich
40301,"PRYOR, Mark",113,Senate,PryorForSenate
29923,"HOLT, Rush",113,House,
29921,"TERRY, Lee Raymond",113,House,LEETERRYNE
29906,"UDALL, Mark",113,Senate,MarkUdall
29905,"MILLER, Gary G.",113,House,RepGaryMiller
29746,"McINTYRE, Mike",113,House,
29744,"McCARTHY, Carolyn",113,House,RepMcCarthyNY
29736,"EMERSON, Jo Ann",113,House,
29730,"TIERNEY, John F.",113,House,RepTierney
29580,"HASTINGS, Richard Norman (Doc)",113,House,DocHastings
29570,"STOCKMAN, Steve",113,House,
29555,"COBURN, Thomas Allen",113,Senate,TomCoburn
29522,"LATHAM, Thomas",113,House,TomLatham
29512,"CHAMBLISS, Saxby",113,Senate,SaxbyChambliss
29383,"WATT, Melvin L.",113,House,
29338,"KINGSTON, Jack",113,House,JackKingston
29315,"McKEON, Howard P. (Buck)",113,House,
29301,"BACHUS, Spencer T., III",113,House,BachusAL06
29149,"MORAN, James P.",113,House,Jim_Moran
29132,"ANDREWS, Robert Ernest",113,House,
29124,"CAMP, David Lee",113,House,
29101,"PASTOR, Ed",113,House,
21374,"McALLISTER, Vance M.",113,House,
21363,"GALLEGO, Pete P.",113,House,RepPeteGallego
21336,"BENTIVOLIO, Kerry",113,House,RepKerryB
21327,"ENYART, Bill",113,House,RepBillEnyart
21322,"GARCIA, Joe",113,House,RepJoeGarcia
21320,"RADEL, Trey",113,House,RepCurtClawson
21310,"NEGRETE McLEOD, Gloria",113,House,RepMcLeod
21199,"BARBER, Ron",113,House,
21154,"GRIMM, Michael G.",113,House,
21153,"RUNYAN, Jon",113,House,RepJonRunyan
21114,"SOUTHERLAND, Steve",113,House,Rep_Southerland
21107,"GRIFFIN, Tim",113,House,LtGovTimGriffin
20957,"OWENS, William",113,House,BillOwensNY
20935,"MAFFEI, Daniel B.",113,House,
20753,"BROUN, Paul C., Jr.",113,House,PaulBrounMD
20728,"BACHMANN, Michele",113,House,MicheleBachmann
20719,"BRALEY, Bruce",113,House,BruceBraley
20539,"CAMPBELL, John (of California)",113,House,
20525,"SCHWARTZ, Allyson Y.",113,House,allysonschwartz
20507,"BARROW, John",113,House,JohnBarrowGA
20345,"GERLACH, Jim",113,House,
20338,"BISHOP, Timothy H.",113,House,TimBishopNY
20328,"MICHAUD, Michael H.",113,House,MikeHMichaud
20319,"GINGREY, Phil",113,House,DrPhilGingrey
20300,"BONNER, Jr., Josiah Robins (Jo)",113,House,
20144,"CANTOR, Eric",113,House,EricCantor
20140,"MATHESON, James David (Jim)",113,House,RepJimMatheson
20120,"ROGERS, Mike",113,House,
15425,"JOHNSON, Timothy Peter (Tim)",113,Senate,SenJohnsonSD
15092,"COBLE, Howard",113,House,HowardCoble
14922,"ROCKEFELLER, John Davison IV (Jay)",113,Senate,
14920,"KERRY, John Forbes",113,Senate,JohnKerry
14914,"LAUTENBERG, Frank Raleigh",113,Senate,FrankLautenberg
14869,"WOLF, Frank Rudolph",113,House,RepWOLFPress
14709,"LEVIN, Carl",113,Senate,SenCarlLevin
14675,"PETRI, Thomas Evert",113,House,
14448,"RAHALL, Nick Joe, II",113,House,RepNickRahall
14280,"WAXMAN, Henry Arnold",113,House,WaxmanClimate
14256,"MILLER, George",113,House,askgeorge
14230,"HARKIN, Thomas Richard (Tom)",113,Senate,SenatorHarkin
13047,"YOUNG, Charles William (Bill)",113,House,
2605,"DINGELL, John David, Jr.",113,House,JohnDingell
49306,"HUTCHISON, Kathryn Ann Bailey (Kay)",112,Senate,kaybaileyhutch
40913,"BROWN, Scott P.",112,Senate,SenScottBrown
40706,"WEBB, James H. (Jim)",112,Senate,JimWebbUSA
40103,"NELSON, Earl Benjamin (Ben)",112,Senate,
31100,"CURSON, David Alan",112,House,
29943,"GONZALEZ, Charles A.",112,House,TX20CharlieG
29942,"BACA, Joe",112,House,RepJoeBaca
29937,"INSLEE, Jay Robert",112,House,JayInslee
29936,"DeMINT, James W.",112,Senate,JimDeMint
29931,"WU, David",112,House,
29926,"WEINER, Anthony D.",112,House,anthonyweiner
29922,"BERKLEY, Shelley",112,House,RepBerkley
29912,"BIGGERT, Judy Borg",112,House,JudyBiggert
29775,"BONO, Mary",112,House,MaryBonoUSA
29764,"REYES, Silvestre",112,House,SilvestreReyes
29748,"KUCINICH, Dennis",112,House,Dennis_Kucinich
29742,"ROTHMAN, Steven",112,House,CongRothman
29721,"BOSWELL, Leonard L.",112,House,LeonardBoswell
29585,"JACKSON, Jesse L., Jr.",112,House,
29549,"MYRICK, Sue",112,House,
29538,"BASS, Charles Foster",112,House,RepCharlesBass
29537,"ENSIGN, John Eric",112,Senate,
29508,"BILBRAY, Brian P.",112,House,BilbrayCA50
29396,"HOLDEN, Thomas Timothy (Tim)",112,House,
29380,"HINCHEY, Maurice Dunlea",112,House,mauricehinchey
29356,"BARTLETT, Roscoe Gardner",112,House,
29349,"MANZULLO, Donald A.",112,House,
29318,"HARMAN, Jane L.",112,House,
29309,"WOOLSEY, Lynn C.",112,House,
29123,"OLVER, John Walter",112,House,
21197,"TURNER, Robert L.",112,House,
21194,"HOCHUL, Kathleen C.",112,House,KathyHochul
21183,"CANSECO, Francisco (Quico)",112,House,
21160,"BERG, Rick",112,House,
21158,"BUERKLE, Ann Marie",112,House,
21155,"HAYWORTH, Nan",112,House,NanHayworth
21152,"GUINTA, Frank",112,House,RepFrankGuinta
21145,"CLARKE, Hansen",112,House,
21138,"LANDRY, Jeff",112,House,JeffLandry
21130,"SCHILLING, Bobby",112,House,BobbySchilling
21127,"DOLD, Robert",112,House,RepDold
21126,"WALSH, Joe",112,House,WalshFreedom
21121,"RIVERA, David",112,House,RepRivera
21120,"ADAMS, Sandra (Sandy)",112,House,RepSandyAdams
21119,"WEST, Allen",112,House,AllenWest
21104,"QUAYLE, Ben",112,House,benquayle
20940,"AUSTRIA, Steve",112,House,SteveAustria
20936,"LEE, Christopher John",112,House,
20752,"RICHARDSON, Laura",112,House,
20743,"ALTMIRE, Jason",112,House,jasonaltmire
20740,"SUTTON, Betty",112,House,
20737,"SHULER, Heath",112,House,
20701,"GIFFORDS, Gabrielle",112,House,GabbyGiffords
20540,"SCHMIDT, Jean",112,House,
20523,"BOREN, Daniel David",112,House,
20516,"CARNAHAN, Russ",112,House,russcarnahan
20511,"DAVIS, Geoffrey C. (Geoff)",112,House,RepGeoffDavis
20503,"MACK, Connie, IV",112,House,ConnieMackIV
20341,"MILLER, Brad",112,House,RepBradMiller
20332,"McCOTTER, Thaddeus George",112,House,ThadMcCotter
20326,"CHANDLER, A. B. (Ben)",112,House,
20306,"CARDOZA, Dennis A.",112,House,RepCardoza
20135,"PLATTS, Todd",112,House,
20131,"SULLIVAN, John",112,House,USRepSullivan
20123,"AKIN, W. Todd",112,House,ToddAkin
20117,"PENCE, Mike",112,House,GovPenceIN
20116,"JOHNSON, Timothy V.",112,House,
20102,"ROSS, Michael Avery",112,House,
15704,"LIEBERMAN, Joseph I.",112,Senate,JoeLieberman
15703,"KOHL, Herbert H.",112,Senate,
15627,"STEARNS, Clifford Bundy",112,House,RepCliffStearns
15619,"PAYNE, Donald Milford",112,House,RepDonaldPayne
15502,"CONRAD, Kent",112,Senate,
15453,"COSTELLO, Jerry Francis",112,House,
15072,"TOWNS, Edolphus",112,House,EdTowns
15014,"BURTON, Danny Lee",112,House,
15005,"BERMAN, Howard Lawrence",112,House,RepHowardBerman
15000,"ACKERMAN, Gary Leonard",112,House,RepGaryAckerman
14912,"BINGAMAN, Jesse Francis, Jr. (Jeff)",112,Senate,
14824,"FRANK, Barney",112,House,
14813,"DREIER, David Timothy",112,House,
14661,"SNOWE, Olympia Jean",112,Senate,SenatorSnowe
14644,"LEWIS, Charles Jeremy (Jerry)",112,House,RepJerryLewis
14506,"LUGAR, Richard Green",112,Senate,dicklugar
14430,"KILDEE, Dale Edward",112,House,dankildee
14413,"DICKS, Norman DeValois",112,House,
14400,"AKAKA, Daniel Kahikina",112,Senate,SenatorAkaka
14290,"PAUL, Ronald Ernest",112,House,
14053,"STARK, Fortney Hillman (Pete), Jr.",112,House,
4812,"INOUYE, Daniel Ken",112,Senate,Daniel_Inouye
99342,"DEAL, John Nathan",111,House,
94910,"SPECTER, Arlen",111,Senate,SenArlenSpecter
90901,"GRIFFITH, Parker",111,House,
49903,"VOINOVICH, George Victor",111,Senate,
49901,"BAYH, Evan",111,Senate,
49309,"FEINGOLD, Russell Dana",111,Senate,russfeingold
49307,"BENNETT, Robert",111,Senate,
40914,"GOODWIN, Carte P.",111,Senate,
40912,"KIRK, Paul G., Jr.",111,Senate,
40911,"LEMIEUX, George S.",111,Senate,
40903,"BURRIS, Roland",111,Senate,
40901,"KAUFMAN, Edward E. (Ted)",111,Senate,
40501,"MARTINEZ, Melquiades R. (Mel)",111,Senate,
40500,"SALAZAR, Kenneth Lee",111,Senate,KenSalazar
40105,"CLINTON, Hillary Rodham",111,Senate,HillaryClinton
39316,"McHUGH, John Michael",111,House,
39300,"INGLIS, Robert Durden",111,House,bobinglis
29938,"BAIRD, Brian",111,House,
29915,"MOORE, Dennis",111,House,
29914,"HILL, Baron P.",111,House,
29771,"RODRIGUEZ, Ciro D.",111,House,
29745,"ETHERIDGE, Bobby R.",111,House,
29733,"KILPATRICK, Carolyn Cheeks",111,House,
29731,"DELAHUNT, Bill",111,House,
29715,"WEXLER, Robert",111,House,
29713,"BOYD, F. Allen, Jr.",111,House,
29705,"TAUSCHER, Ellen O'Kane",111,House,
29703,"SNYDER, Victor F.",111,House,
29702,"BERRY, Robert Marion",111,House,
29567,"WAMP, Zachary Paul",111,House,
29564,"KENNEDY, Patrick Joseph",111,House,PJK4brainhealth
29523,"BROWNBACK, Sam Dale",111,Senate,govsambrownback
29519,"SOUDER, Mark Edward",111,House,
29384,"POMEROY, Earl Ralph, III",111,House,
29362,"EHLERS, Vernon James",111,House,
29361,"HOEKSTRA, Peter",111,House,petehoekstra
29350,"BUYER, Stephen Earle",111,House,
29341,"LINDER, John Elmer",111,House,
29336,"DIAZ-BALART, Lincoln",111,House,MarioDB
29327,"CASTLE, Michael Newbold",111,House,
29305,"LINCOLN, Blanche Lambert",111,Senate,
29144,"EDWARDS, Thomas Chester (Chet)",111,House,
20961,"DJOU, Charles",111,House,
20956,"MURPHY, Scott",111,House,
20951,"PERRIELLO, Tom",111,House,tomperriello
20950,"NYE, Glenn C., III",111,House,GlennNye
20945,"DAHLKEMPER, Kathleen A. (Kathy)",111,House,
20942,"KILROY, Mary Jo",111,House,
20939,"DRIEHAUS, Steve",111,House,
20937,"MASSA, Eric J.J.",111,House,
20933,"McMAHON, Michael E.",111,House,
20931,"TEAGUE, Harry",111,House,
20928,"ADLER, John H.",111,House,
20922,"SCHAUER, Mark H.",111,House,
20917,"CAO, Anh (Joseph)",111,House,
20913,"HALVORSON, Deborah L.",111,House,
20912,"MINNICK, Walt",111,House,
20905,"MARKEY, Betsy",111,House,
20901,"GRIFFITH, Parker",111,House,
20900,"BRIGHT, Bobby Neal, Sr.",111,House,
20761,"CHILDERS, Travis W.",111,House,
20751,"KAGEN, Steven",111,House,
20746,"CARNEY, Chris",111,House,
20745,"MURPHY, Patrick",111,House,PatrickMurphyPA
20744,"SESTAK, Joe",111,House,JoeSestak
20742,"FALLIN, Mary",111,House,GovMaryFallin
20741,"SPACE, Zack",111,House,ZackSpaceOhio
20739,"WILSON, Charlie",111,House,
20736,"ARCURI, Michael",111,House,
20734,"HALL, John",111,House,
20732,"HODES, Paul",111,House,
20718,"ELLSWORTH, Brad",111,House,
20716,"HARE, Phil",111,House,
20711,"KLEIN, Ron",111,House,
20700,"MITCHELL, Harry E.",111,House,
20513,"MELANCON, Charles J.",111,House,
20509,"BEAN, Melissa L.",111,House,
20502,"SALAZAR, John",111,House,
20358,"MEEK, Kendrick B.",111,House,
20350,"DAVIS, Lincoln",111,House,
20347,"BARRETT, James Gresham",111,House,
20317,"MARSHALL, Jim",111,House,
20302,"DAVIS, Artur",111,House,ArturDavis
20137,"BROWN, Henry Edward, Jr.",111,House,
20113,"PUTNAM, Adam",111,House,
20106,"WATSON, Diane Edith",111,House,
20105,"SOLIS, Hilda L.",111,House,HildaSolis
15637,"TAYLOR, Gary Eugene (Gene)",111,House,
15628,"TANNER, John S.",111,House,
15501,"BOND, Christopher Samuel (Kit)",111,Senate,
15406,"BUNNING, James Paul David",111,Senate,
15245,"ABERCROMBIE, Neil",111,House,neilabercrombie
15100,"GORDON, Barton Jennings",111,House,
15064,"SPRATT, John McKee, Jr.",111,House,
15049,"ORTIZ, Solomon P.",111,House,
15010,"BOUCHER, Frederick C.",111,House,
14910,"SPECTER, Arlen",111,Senate,SenArlenSpecter
14826,"GREGG, Judd Alan",111,Senate,
14812,"DORGAN, Byron Leslie",111,Senate,ByronDorgan
14451,"SKELTON, Isaac Newton, IV (Ike)",111,House,
14265,"OBERSTAR, James Louis",111,House,JimOberstar
14213,"DODD, Christopher John",111,Senate,SenChrisDodd
14101,"BIDEN, Joseph Robinette, Jr.",111,Senate,JoeBiden
12036,"OBEY, David Ross",111,House,
10808,"KENNEDY, Edward Moore (Ted)",111,Senate,
1366,"BYRD, Robert Carlyle",111,Senate,
99910,"BUSH, George Walker",110,President,TheBushCenter
89767,"GOODE, Virgil H., Jr.",110,House,
49705,"SMITH, Gordon Harold",110,Senate,
49704,"HAGEL, Charles Timothy (Chuck)",110,Senate,
40502,"OBAMA, Barack",110,Senate,BarackObama
40303,"DOLE, Elizabeth Hanford",110,Senate,DoleFoundation
40302,"COLEMAN, Norm",110,Senate,
29930,"JONES, Stephanie Tubbs",110,House,
29929,"HAYES, Robert (Robin)",110,House,
29928,"REYNOLDS, Thomas M.",110,House,
29779,"WILSON, Heather",110,House,
29766,"CANNON, Christopher B.",110,House,
29761,"LAMPSON, Nicholas V.",110,House,
29751,"PETERSON, John",110,House,
29750,"HOOLEY, Darlene",110,House,
29740,"SUNUNU, John E.",110,Senate,JohnSununu
29737,"HULSHOF, Kenny",110,House,
29734,"PICKERING, Charles W. (Chip), Jr.",110,House,
29728,"ALLEN, Thomas H.",110,House,
29720,"CARSON, Julia May",110,House,
29576,"DAVIS, Thomas M., III",110,House,
29563,"ENGLISH, Philip Sheridan",110,House,
29517,"LaHOOD, Ray H.",110,House,
29516,"WELLER, Gerald C. (Jerry)",110,House,
29513,"NORWOOD, Charles W., Jr.",110,House,
29509,"WELDON, David Joseph",110,House,
29390,"PRYCE, Deborah D.",110,House,
29358,"MEEHAN, Martin Thomas",110,House,
29355,"WYNN, Albert Russell",110,House,
29352,"LEWIS, Ron",110,House,
29300,"EVERETT, Robert Terry",110,House,
29136,"HOBSON, David Lee",110,House,
29122,"GILCHREST, Wayne Thomas",110,House,
29120,"JEFFERSON, William Jennings",110,House,
29108,"ALLARD, A. Wayne",110,Senate,
29104,"DOOLITTLE, John Taylor",110,House,
29100,"CRAMER, Robert E. (Bud), Jr.",110,House,
20747,"DAVIS, David",110,House,
20721,"BOYDA, Nancy",110,House,
20714,"SALI, William",110,House,
20710,"MAHONEY, Tim",110,House,
20534,"DRAKE, Thelma D.",110,House,
20520,"KUHL, John R. (Randy), Jr.",110,House,
20512,"JINDAL, Bobby",110,House,BobbyJindal
20334,"PORTER, Jon C.",110,House,
20323,"EMANUEL, Rahm",110,House,RahmEmanuel
20315,"FEENEY, Tom",110,House,
20311,"MUSGRAVE, Marilyn N",110,House,
20303,"RENZI, Rick",110,House,
20141,"DAVIS, Jo Ann",110,House,
20127,"FERGUSON, Michael",110,House,
20112,"KELLER, Richard (Ric)",110,House,
15633,"THOMAS, Craig Lyle",110,Senate,
15630,"WALSH, James T.",110,House,
15614,"McNULTY, Michael Robert",110,House,
15449,"SHAYS, Christopher H.",110,House,
15401,"BAKER, Richard Hugh",110,House,
15112,"SAXTON, Hugh James",110,House,
14837,"LANTOS, Thomas Peter",110,House,
14835,"HUNTER, Duncan Lee",110,House,
14809,"CRAIG, Larry Edwin",110,Senate,
14712,"WARNER, John William",110,Senate,
14103,"DOMENICI, Pete Vichi",110,Senate,
14045,"REGULA, Ralph Straus",110,House,
14031,"LOTT, Chester Trent",110,Senate,
12109,"STEVENS, Theodore Fulton (Ted)",110,Senate,
94240,"JEFFORDS, James Merrill",109,Senate,
49905,"CHAFEE, Lincoln Davenport",109,Senate,LincolnChafee
49502,"FRIST, William H.",109,Senate,bfrist
40101,"DAYTON, Mark",109,Senate,GovMarkDayton
39302,"BONILLA, Henry",109,House,
29941,"GREEN, Mark",109,House,
29933,"SHERWOOD, Don",109,House,
29927,"SWEENEY, John E.",109,House,
29756,"FORD, Harold, Jr.",109,House,
29755,"JENKINS, William Lewis",109,House,
29747,"STRICKLAND, Ted",109,House,Ted_Strickland
29739,"GIBBONS, James A.",109,House,
29723,"RYUN, Jim",109,House,
29714,"DAVIS, Jim",109,House,
29552,"NEY, Robert William",109,House,
29544,"KELLY, Sue W.",109,House,
29532,"GUTKNECHT, Gilbert W.",109,House,
29510,"FOLEY, Mark A.",109,House,
29502,"HAYWORTH, John D., Jr.",109,House,
29392,"ISTOOK, Ernest James, Jr.",109,House,
29369,"TALENT, James Matthes",109,Senate,JimTalent
29344,"McKINNEY, Cynthia Ann",109,House,
29311,"POMBO, Richard William",109,House,
29148,"ALLEN, George",109,Senate,
29141,"SANTORUM, Richard John (Rick)",109,Senate,RickSantorum
29135,"TAYLOR, Charles Hart",109,House,
29118,"NUSSLE, James Allen",109,House,
29107,"CUNNINGHAM, Randall (Duke)",109,House,
20515,"SCHWARZ, John J. H. (Joe)",109,House,
20335,"BRADLEY, Jeb",109,House,
20324,"CHOCOLA, Chris",109,House,
20314,"HARRIS, Katherine",109,House,
20133,"HART, Melissa A.",109,House,
20126,"OSBORNE, Thomas",109,House,
20121,"KENNEDY, Mark",109,House,
20114,"OTTER, C. L. (Butch)",109,House,
20109,"SIMMONS, Robert (Rob)",109,House,
15701,"BURNS, Conrad",109,Senate,
15601,"COX, Charles Christopher",109,House,
15447,"WELDON, Wayne Curtis (Curt)",109,House,
15105,"KOLBE, James Thomas",109,House,
15094,"DeLAY, Thomas Dale",109,House,
15050,"OWENS, Major Robert Odell",109,House,
15028,"JOHNSON, Nancy Lee",109,House,
15023,"EVANS, Lane Allen",109,House,
15020,"DeWINE, Michael",109,Senate,GovMikeDeWine
15007,"BOEHLERT, Sherwood Louis",109,House,
15006,"BILIRAKIS, Michael",109,House,
14875,"OXLEY, Michael Garver",109,House,
14860,"SHAW, Eugene Clay, Jr.",109,House,
14669,"THOMAS, William Marshall",109,House,
14656,"SABO, Martin Olav",109,House,
14432,"LEACH, James Albert Smith",109,House,
14239,"HYDE, Henry John",109,House,
13039,"SARBANES, Paul Spyros",109,Senate,
99909,"CLINTON, William Jefferson (Bill)",106,President,billclinton
99908,"BUSH, George Herbert Walker",102,President,GeorgeHWBush
